,Unnamed: 0,Block and Lot Number,Property Location,Location,blklot,BuildingFire
0,113,0710C065,0000 0001 WESTERN SHORE         0005,"(37.7842359166421, -122.428680459592)",0710C065,1
1,116,0710C072,0000 0015 WESTERN SHORE         0006,"(37.7842359166421, -122.428680459592)",0710C072,1
2,127,0710C046,0000 1465 LAGUNA                0004,"(37.7842359166421, -122.428680459592)",0710C046,1
3,177,0711C036,0000 0085 CLEARY              CT0012,"(37.7835963351412, -122.42679775829)",0711C036,1
4,191,4031025,0000 0699 RHODE ISLAND        ST0000,"(37.7610639506831, -122.401902607992)",4031025,1
5,203,3785167,0000 0168 BLUXOME             ST0000,"(37.774839394458, -122.399817161304)",3785167,1
6,217,0710C099,0000 0065 WESTERN SHORE         0004,"(37.7842359166421, -122.428680459592)",0710C099,1
7,253,6631032,0469 0467 29TH                ST0000,"(37.7432348818917, -122.43026865728)",6631032,1
8,295,5295001,0000 1501 LA SALLE            AV0000,"(37.7352937983912, -122.387090729238)",5295001,1
9,318,1288015A,4968 4966 17TH                ST0000,"(37.761638689164, -122.451778800852)",1288015A,1
10,332,0710C021,0000 1555 GEARY                 0003,"(37.7842359166421, -122.428680459592)",0710C021,1
11,340,3546021,0475 0473 14TH                ST0000,"(37.7677752483522, -122.423740902711)",3546021,1
12,364,0711C006,0000 0045 CLEARY              CT0006,"(37.7835963351412, -122.42679775829)",0711C006,1
13,373,3779094,0000 0023 BOARDMAN            PL0000,"(37.7749634621484, -122.403011928951)",3779094,2
14,509,0710C055,0000 0045 LOTTIE BEN            0001,"(37.7842359166421, -122.428680459592)",0710C055,1
15,512,0711C038,0000 1220 ELLIS               ST0002,"(37.7835963351412, -122.42679775829)",0711C038,1
16,514,1252020,0000 1850 BELVEDERE           ST0000,"(37.7671934669515, -122.44942238024)",1252020,1
17,551,0778008,1052 1048 FULTON              ST0000,"(37.7776657446843, -122.434093183793)",0778008,1
18,563,3582020,4026 4024 18TH                ST0000,"(37.7612088184596, -122.433428176686)",3582020,1
19,582,0710C086,0000 0045 WESTERN SHORE         0003,"(37.7842359166421, -122.428680459592)",0710C086,1
20,724,3620010,0000 3628 22ND                ST0000,"(37.7550906777904, -122.428562471513)",3620010,1
21,748,0858008,0242 0240 WALLER              ST0000,"(37.7717554337029, -122.427753995918)",0858008,1
22,807,3785151,0000 0168 BLUXOME             ST0000,"(37.774839394458, -122.399817161304)",3785151,1
23,808,0471001G,1427 1425 BAY                 ST0000,"(37.8032251581002, -122.430500538335)",0471001G,1
24,846,3785182,0000 0168 BLUXOME             ST0000,"(37.774839394458, -122.399817161304)",3785182,1
25,873,3785149,0000 0168 BLUXOME             ST0000,"(37.774839394458, -122.399817161304)",3785149,1
26,883,6753001,0461 0459 BOSWORTH            ST0000,"(37.7330021379454, -122.431320203854)",6753001,1
27,898,2712010,0435 0433 CORBETT             AV0000,"(37.7581071260177, -122.445402210878)",2712010,1
28,902,0710C009,0000 0020 BERTIE MINOR          0003,"(37.7842359166421, -122.428680459592)",0710C009,1
29,914,6011001,0128 0126 LISBON              ST0000,"(37.7263274877134, -122.43067169345)",6011001,1
30,938,6565004,1414 1412 CHURCH              ST0000,"(37.7481195557672, -122.427370767337)",6565004,1
31,983,5835070,4077 4075 MISSION             ST0000,"(37.7323413724831, -122.427305921031)",5835070,1
32,998,4710050,0005 0001 DUKES               CT0000,"(37.737069057698, -122.386939037061)",4710050,1
33,1008,1023018,3062 3060 CALIFORNIA          ST0000,"(37.7878017193781, -122.444846945412)",1023018,1
34,1061,6518029,0000 3225 24TH                ST0000,"(37.752151353792, -122.416880976549)",6518029,1
35,1194,0710C032,0000 1445 LAGUNA                0002,"(37.7842359166421, -122.428680459592)",0710C032,1
36,1216,5988019,0000 0320 HAMILTON            ST0000,"(37.72676845039, -122.410158833297)",5988019,1
37,1232,1267010,1120 1100 CARL                ST0000,"(37.766015422199, -122.450518393593)",1267010,1
38,1313,0710C056,0000 0045 LOTTIE BEN            0002,"(37.7842359166421, -122.428680459592)",0710C056,1
39,1327,0710C003,0000 0010 BERTIE MINOR          0003,"(37.7842359166421, -122.428680459592)",0710C003,1
40,1329,0710C081,0000 0035 WESTERN SHORE         0003,"(37.7842359166421, -122.428680459592)",0710C081,1
41,1349,0830025,0537 0535 FELL                ST0000,"(37.7752528952418, -122.426678514025)",0830025,1
42,1362,0710C017,0000 1545 GEARY                 0005,"(37.7842359166421, -122.428680459592)",0710C017,1
43,1392,3554035,0000 0160 JULIAN              AV0000,"(37.7656174419412, -122.421240344839)",3554035,1
44,1427,0153027,1399 1397 VALLEJO             ST0000,"(37.796940871953, -122.420126189019)",0153027,1
45,1452,0710C103,0000 0075 WESTERN SHORE         0002,"(37.7842359166421, -122.428680459592)",0710C103,1
46,1628,2801009,4418 4416 23RD                ST0000,"(37.7527124814296, -122.441282056981)",2801009,1
47,1638,0818028,0422 0420 LINDEN              ST0000,"(37.7762671050225, -122.425009693913)",0818028,1
48,1640,3564048,0078 0076 PROSPER             ST0000,"(37.763108303006, -122.431755723298)",3564048,1
49,1765,3525034,0223 0219 DORE                ST0000,"(37.7718738094474, -122.410149988764)",3525034,1
50,1853,1267056,4330 4310 FREDERICK           ST0000,"(37.7663348778681, -122.451020830756)",1267056,1
51,1922,0710C105,0000 0075 WESTERN SHORE         0004,"(37.7842359166421, -122.428680459592)",0710C105,1
52,1970,1540025,0000 1344 ANZA                ST0000,"(37.7793996134014, -122.462814270568)",1540025,1
53,2013,0976005,0000 2904 JACKSON             ST0000,"(37.7916115374379, -122.443150435491)",0976005,1
54,2056,0054008,0000 0320 CHESTNUT            ST0000,"(37.8044927821741, -122.40875268805)",0054008,1
55,2096,0710C107,0000 0075 WESTERN SHORE         0006,"(37.7842359166421, -122.428680459592)",0710C107,1
56,2230,1222026,1579 1575 OAK                 ST0000,"(37.7719056429057, -122.445184584012)",1222026,1
57,2289,0710C101,0000 0065 WESTERN SHORE         0006,"(37.7842359166421, -122.428680459592)",0710C101,1
58,2292,0711C051,0000 1250 ELLIS               ST0003,"(37.7835963351412, -122.42679775829)",0711C051,1
59,2337,3785179,0000 0168 BLUXOME             ST0000,"(37.774839394458, -122.399817161304)",3785179,1
60,2367,0478002A,0000 2821 POLK                ST0000,"(37.8028146357738, -122.423471398433)",0478002A,1
61,2407,0710C097,0000 0065 WESTERN SHORE         0002,"(37.7842359166421, -122.428680459592)",0710C097,1
62,2415,3785176,0000 0168 BLUXOME             ST0000,"(37.774839394458, -122.399817161304)",3785176,1
63,2416,2630012,1153 1151 STANYAN             ST0000,"(37.763283248076, -122.452636809752)",2630012,1
64,2434,4263020,2529 2525 24TH                ST0000,"(37.752861548305, -122.404867460665)",4263020,1
65,2469,0975009,3062 3060 JACKSON             ST0000,"(37.7913394570707, -122.445543964337)",0975009,1
66,2521,0710C034,0000 1445 LAGUNA                0004,"(37.7842359166421, -122.428680459592)",0710C034,1
67,2524,4158035,2238 2236 23RD                ST0000,"(37.7547555724137, -122.402311540373)",4158035,1
68,2599,6534011,0462 0460 FAIR OAKS           ST0000,"(37.7493193280329, -122.424056506833)",6534011,1
69,2622,4715007,0000 0005 COMMER              CT0000,"(37.7318394741749, -122.384663440812)",4715007,2
70,2692,6507024,4051 4049 24TH                ST0000,"(37.7511156132625, -122.432976344768)",6507024,1
71,2760,0153013,1320 1316 BROADWAY              0000,"(37.7966296451963, -122.41893441348)",0153013,1
72,2801,4094001,0000 2105 20TH                ST0000,"(37.7595317037017, -122.402379835195)",4094001,1
73,2823,7138021,0000 0178 SAGAMORE            ST0000,"(37.7117001152991, -122.458431543198)",7138021,1
74,2850,1250002,7110 7070 SHRADER             ST0000,"(37.7681919158275, -122.451933237438)",1250002,1
75,2856,0180025,0000 0049 JOHN                ST0000,"(37.7958280618894, -122.410823420899)",0180025,1
76,2859,3589057,0169 0167 LEXINGTON           ST0000,"(37.7607200683331, -122.420506198199)",3589057,1
77,2864,0711C029,0000 0085 CLEARY              CT0005,"(37.7835963351412, -122.42679775829)",0711C029,1
78,2868,3785159,0000 0168 BLUXOME             ST0000,"(37.774839394458, -122.399817161304)",3785159,1
79,2870,3785164,0000 0168 BLUXOME             ST0000,"(37.774839394458, -122.399817161304)",3785164,1
80,2920,6320014,0025 0023 CASTILLO            ST0000,"(37.7089762406272, -122.417574654747)",6320014,1
81,2925,1188014C,0000 1929 FULTON              ST0000,"(37.7752529627026, -122.448529573449)",1188014C,1
82,2953,0711C008,0000 0045 CLEARY              CT0008,"(37.7835963351412, -122.42679775829)",0711C008,1
83,3013,0186028,0000 1401 HYDE                ST0000,"(37.7937493196707, -122.418265454885)",0186028,1
84,3132,6508020,0282 0280 JERSEY              ST0000,"(37.7508988167358, -122.431368985765)",6508020,1
85,3137,3568005,0538 0536 VALENCIA            ST0000,"(37.7642636673784, -122.42212146456)",3568005,1
86,3184,5926004,0000 0124 GIRARD              ST0000,"(37.7305274490838, -122.40623025494)",5926004,1
87,3326,3556008,0338 0336 GUERRERO            ST0000,"(37.7657770109058, -122.424518311236)",3556008,1
88,3327,0711C035,0000 0085 CLEARY              CT0011,"(37.7835963351412, -122.42679775829)",0711C035,1
89,3339,0710C054,0000 0035 LOTTIE BEN            0006,"(37.7842359166421, -122.428680459592)",0710C054,1
90,3378,0866009,0105 0101 STEINER             ST0000,"(37.7699940090417, -122.431984080767)",0866009,1
91,3436,1798060,3832 3830 JUDAH               ST0000,"(37.7607771744526, -122.503309028269)",1798060,1
92,3439,3653042,3931 3929 23RD                ST0000,"(37.7528727017529, -122.43048566817)",3653042,1
93,3452,0710C045,0000 1465 LAGUNA                0003,"(37.7842359166421, -122.428680459592)",0710C045,1
94,3485,0710C027,0000 1435 LAGUNA                0003,"(37.7842359166421, -122.428680459592)",0710C027,1
95,3499,0711C002,0000 0045 CLEARY              CT0002,"(37.7835963351412, -122.42679775829)",0711C002,1
96,3567,3785150,0000 0168 BLUXOME             ST0000,"(37.774839394458, -122.399817161304)",3785150,1
97,3569,0730044,0000 1680 EDDY                ST0000,"(37.7815803277032, -122.434887469254)",0730044,2
98,3570,3785147,0000 0168 BLUXOME             ST0000,"(37.774839394458, -122.399817161304)",3785147,1
99,3579,3589034,0000 0121 SAN CARLOS          ST0000,"(37.761378821197, -122.419880717338)",3589034,1
100,3693,0710C061,0000 0001 WESTERN SHORE         0001,"(37.7842359166421, -122.428680459592)",0710C061,1
101,3714,6663004,0140 0138 CHENERY             ST0000,"(37.7392544039788, -122.425984959259)",6663004,1
102,3730,0860004,0223 0219 FILLMORE            ST0000,"(37.7714667414901, -122.430545110394)",0860004,1
103,3749,0711C018,0000 0065 CLEARY              CT0006,"(37.7835963351412, -122.42679775829)",0711C018,1
104,3788,3617032,0093 0091 HILL                ST0000,"(37.7557749076837, -122.422959662953)",3617032,1
105,3816,3730031,0679 0675 CLEMENTINA          ST0000,"(37.7756519933507, -122.410030630257)",3730031,1
106,3829,3785165,0000 0168 BLUXOME             ST0000,"(37.774839394458, -122.399817161304)",3785165,1
107,3861,0710C073,0000 0025 WESTERN SHORE         0001,"(37.7842359166421, -122.428680459592)",0710C073,1
108,3875,3541038,0065 0061 HENRY               ST0000,"(37.7664812453059, -122.432330422832)",3541038,1
109,3898,0710C075,0000 0025 WESTERN SHORE         0003,"(37.7842359166421, -122.428680459592)",0710C075,1
110,3901,4206006,1138 1136 ALABAMA             ST0000,"(37.753645827973, -122.411332503945)",4206006,1
111,3924,1252011,1450 1430 BELVEDERE           ST0000,"(37.7678644742869, -122.449602605798)",1252011,1
112,4083,4069005,0000 0426 ARKANSAS            ST0000,"(37.760767847643, -122.398610021212)",4069005,1
113,4134,1274022,2910 2870 CARL                ST0000,"(37.765037167431, -122.454093152807)",1274022,1
114,4181,3785175,0000 0168 BLUXOME             ST0000,"(37.774839394458, -122.399817161304)",3785175,1
115,4227,2699038,0333 0331 DOUGLASS            ST0000,"(37.7584489159357, -122.43880504364)",2699038,1
116,4237,5802024,0000 3983 MISSION             ST0000,"(37.7340136807078, -122.425653872624)",5802024,1
117,4243,0711C053,0000 1250 ELLIS               ST0005,"(37.7835963351412, -122.42679775829)",0711C053,1
118,4263,3545070,0048 0046 RAMONA              AV0000,"(37.7672101770903, -122.425499517867)",3545070,1
119,4283,3785173,0000 0168 BLUXOME             ST0000,"(37.774839394458, -122.399817161304)",3785173,1
120,4359,3785148,0000 0168 BLUXOME             ST0000,"(37.774839394458, -122.399817161304)",3785148,1
121,4368,0710C066,0000 0001 WESTERN SHORE         0006,"(37.7842359166421, -122.428680459592)",0710C066,1
122,4461,3645012,3544 3542 24TH                ST0000,"(37.7522676806963, -122.422370468709)",3645012,1
123,4503,0710C095,0000 0055 WESTERN SHORE         0006,"(37.7842359166421, -122.428680459592)",0710C095,1
124,4565,0779016,0000 0906 STEINER             ST0000,"(37.777893329887, -122.432989691708)",0779016,1
125,4574,0711C058,0000 1250 ELLIS               ST0010,"(37.7835963351412, -122.42679775829)",0711C058,1
126,4579,0783024,0000 0550 FULTON              ST0000,"(37.7789533839007, -122.425077337164)",0783024,2
127,4595,0710C109,0000 0085 WESTERN SHORE         0002,"(37.7842359166421, -122.428680459592)",0710C109,1
128,4620,3610034,0512 0510 CAPP                ST0000,"(37.7584254282485, -122.418172757682)",3610034,1
129,4694,3522058,1693 1689 FOLSOM              ST0000,"(37.7698272746564, -122.415223062222)",3522058,1
130,4708,0710C063,0000 0001 WESTERN SHORE         0003,"(37.7842359166421, -122.428680459592)",0710C063,1
131,4716,1127043,1241 1239 SCOTT               ST0000,"(37.781406359798, -122.437662754938)",1127043,1
132,4721,0028006E,2624 2622 LEAVENWORTH         ST0000,"(37.805398068202, -122.418341713966)",0028006E,1
133,4777,0711C048,0000 1220 ELLIS               ST0012,"(37.7835963351412, -122.42679775829)",0711C048,1
134,4820,0710C026,0000 1435 LAGUNA                0002,"(37.7842359166421, -122.428680459592)",0710C026,1
135,4971,1205012,1328 1324 FELL                ST0000,"(37.774062914799, -122.439824502247)",1205012,1
136,5007,3545017,0292 0290 GUERRERO            ST0000,"(37.7665906858199, -122.424593583468)",3545017,1
137,5088,4079018,0727 0725 YORK                ST0000,"(37.7594719591033, -122.408741311798)",4079018,1
138,5137,7115044,0000 0027 RANDOLPH            ST0000,"(37.7140839518071, -122.463134999256)",7115044,1
139,5158,2648017,4222 4220 18TH                ST0000,"(37.7609884367242, -122.43653797714)",2648017,1
140,5194,3785160,0000 0168 BLUXOME             ST0000,"(37.774839394458, -122.399817161304)",3785160,1
141,5253,3785170,0000 0168 BLUXOME             ST0000,"(37.774839394458, -122.399817161304)",3785170,1
142,5312,1586020F,4250 4248 BALBOA              ST0000,"(37.7755304108047, -122.504614034071)",1586020F,1
143,5316,6741004,0000 0071 SURREY              ST0000,"(37.7356421681239, -122.43388145889)",6741004,1
144,5318,0710C076,0000 0025 WESTERN SHORE         0004,"(37.7842359166421, -122.428680459592)",0710C076,1
145,5354,0710C025,0000 1435 LAGUNA                0001,"(37.7842359166421, -122.428680459592)",0710C025,1
146,5355,0148011,0000 0886 BROADWAY              0000,"(37.7974678128364, -122.411717762581)",0148011,2
147,5386,1250033,1737 1733 WALLER              ST0000,"(37.7680899140707, -122.45223240891)",1250033,1
148,5428,1203018,5100 5060 DIVISADERO          ST0000,"(37.7742970939799, -122.437315880315)",1203018,1
149,5438,6522023A,3126 3124 25TH                ST0000,"(37.7511432474228, -122.412422724138)",6522023A,1
150,5460,0711C044,0000 1220 ELLIS               ST0008,"(37.7835963351412, -122.42679775829)",0711C044,1
151,5471,0941031,2827 2825 GREENWICH           ST0000,"(37.7973974880315, -122.446243114242)",0941031,1
152,5472,0507020,0000 3232 BUCHANAN            ST0000,"(37.799943382161, -122.4323894446)",0507020,1
153,5511,5610A017,0000 0097 COLERIDGE           ST0000,"(37.7440845540263, -122.419223803286)",5610A017,1
154,5534,3785157,0000 0168 BLUXOME             ST0000,"(37.774839394458, -122.399817161304)",3785157,1
155,5623,1271034,0043 0041 CARL                ST0000,"(37.7656734661308, -122.448695637227)",1271034,1
156,5670,0711C050,0000 1250 ELLIS               ST0002,"(37.7835963351412, -122.42679775829)",0711C050,1
157,5680,6519043,3169 3165 24TH                ST0000,"(37.7521908679481, -122.415549691542)",6519043,2
158,5700,3605008,0850 0848 CHURCH              ST0000,"(37.7571425956496, -122.428284375227)",3605008,1
159,5782,0848021,0334 0332 STEINER             ST0000,"(37.7724185118272, -122.431835705394)",0848021,1
160,5787,4094027,0000 0954 RHODE ISLAND        ST0000,"(37.7577109865353, -122.402205166833)",4094027,1
161,5814,4720012,0000 1340 HUDSON              AV0000,"(37.7363186214517, -122.382857734931)",4720012,2
162,5840,4720010,0000 1340 HUDSON              AV0000,"(37.735967555533, -122.38264076563)",4720010,3
163,5917,0710C070,0000 0015 WESTERN SHORE         0004,"(37.7842359166421, -122.428680459592)",0710C070,1
164,6015,4022013,0000 2098 BRYANT              ST0000,"(37.7605951689777, -122.410277308724)",4022013,1
165,6040,0042022,0000 0455 BAY                 ST0000,"(37.8050489611798, -122.414334990912)",0042022,2
166,6075,1030009,2930 2926 PINE                ST0000,"(37.7869039093522, -122.444139551114)",1030009,1
167,6128,3731104,0060 0058 HARRIET             ST0000,"(37.7785089725637, -122.406973994305)",3731104,1
168,6211,6968015,5030 5028 MISSION             ST0000,"(37.7181259849027, -122.44011856141)",6968015,2
169,6262,3785178,0000 0168 BLUXOME             ST0000,"(37.774839394458, -122.399817161304)",3785178,1
170,6303,0085022,0000 1410 MONTGOMERY          ST0000,"(37.8022409378412, -122.404452194377)",0085022,1
171,6352,6621044,0000 0415 VALLEY              ST0000,"(37.7439518041099, -122.431697384014)",6621044,1
172,6395,0711C020,0000 0065 CLEARY              CT0008,"(37.7835963351412, -122.42679775829)",0711C020,1
173,6515,4271031,2939 2937 HARRISON            ST0000,"(37.750451254929, -122.411373767801)",4271031,1
174,6536,3730085,0031 0029 RAUSCH              ST0000,"(37.7768564678315, -122.409802347261)",3730085,1
175,6544,3607036,0000 0159 LIBERTY             ST0000,"(37.7572500590152, -122.424614845378)",3607036,1
176,6549,0710C020,0000 1555 GEARY                 0002,"(37.7842359166421, -122.428680459592)",0710C020,1
177,6574,0711C039,0000 1220 ELLIS               ST0003,"(37.7835963351412, -122.42679775829)",0711C039,1
178,6676,0710C005,0000 0010 BERTIE MINOR          0005,"(37.7842359166421, -122.428680459592)",0710C005,1
179,6718,6506029,4189 4183 24TH                ST0000,"(37.7509470355357, -122.435812739943)",6506029,1
180,6721,0818037,0466 0462 LINDEN              ST0000,"(37.7762009263997, -122.425561599362)",0818037,1
181,6727,3509022,0016 0014 WASHBURN            ST0000,"(37.7753518453637, -122.414809077023)",3509022,1
182,6785,3785177,0000 0168 BLUXOME             ST0000,"(37.774839394458, -122.399817161304)",3785177,1
183,6838,3617020,3360 3358 22ND                ST0000,"(37.7554674935702, -122.422312732372)",3617020,2
184,6841,0710C094,0000 0055 WESTERN SHORE         0005,"(37.7842359166421, -122.428680459592)",0710C094,1
185,6849,0710C088,0000 0045 WESTERN SHORE         0005,"(37.7842359166421, -122.428680459592)",0710C088,1
186,6959,4271008,0000 1340 ALABAMA             ST0000,"(37.7502255362372, -122.411005421603)",4271008,1
187,6990,0710C110,0000 0085 WESTERN SHORE         0003,"(37.7842359166421, -122.428680459592)",0710C110,1
188,7044,0710C069,0000 0015 WESTERN SHORE         0003,"(37.7842359166421, -122.428680459592)",0710C069,1
189,7057,0710C018,0000 1545 GEARY                 0006,"(37.7842359166421, -122.428680459592)",0710C018,1
190,7073,0679014,2170 2166 SUTTER              ST0000,"(37.7859652452594, -122.436063392389)",0679014,1
191,7095,0118027,1730 1724 MASON               ST0000,"(37.7995542941861, -122.412017427486)",0118027,1
192,7146,3638002,2610 2606 FOLSOM              ST0000,"(37.7554603960197, -122.414675051677)",3638002,1
193,7188,1269164,0000 0881 ASHBURY             ST0000,"(37.7658075934143, -122.446390206314)",1269164,1
194,7225,1266011,2420 2400 CARL                ST0000,"(37.7656334287055, -122.453513140879)",1266011,1
195,7267,0795025,0000 0601 FULTON              ST0000,"(37.777742694918, -122.427441469552)",0795025,3
196,7385,3578023,3666 3664 18TH                ST0000,"(37.7617198332506, -122.425229998651)",3578023,1
197,7386,4336007F,2978 2974 CESAR CHAVEZ        ST0000,"(37.7485599213919, -122.409262285251)",4336007F,1
198,7389,1189003,2058 2056 GROVE               ST0000,"(37.7746285543396, -122.450439191704)",1189003,1
199,7455,3785161,0000 0168 BLUXOME             ST0000,"(37.774839394458, -122.399817161304)",3785161,1
200,7488,2623082,0017 0015 STATES              ST0000,"(37.7632211918968, -122.435766201842)",2623082,1
201,7508,3577002,0660 0656 VALENCIA            ST0000,"(37.7623788626694, -122.42195990459)",3577002,1
202,7548,4081009A,2160 2158 BRYANT              ST0000,"(37.7596575388006, -122.410228677147)",4081009A,1
203,7680,0094010,0000 1148 FILBERT             ST0000,"(37.8005151848152, -122.4184871948)",0094010,1
204,7683,0465A023,3442 3440 SCOTT               ST0000,"(37.8017653500576, -122.441207130333)",0465A023,1
205,7739,0867008,0111 0109 FILLMORE            ST0000,"(37.7704666037465, -122.430380905307)",0867008,1
206,7752,0711C045,0000 1220 ELLIS               ST0009,"(37.7835963351412, -122.42679775829)",0711C045,1
207,7800,6514002,1306 1304 VALENCIA            ST0000,"(37.7518511428407, -122.420934633778)",6514002,1
208,7851,0710C030,0000 1435 LAGUNA                0006,"(37.7842359166421, -122.428680459592)",0710C030,1
209,7855,0829035,0544 0538 OAK                 ST0000,"(37.7744003527523, -122.42903612103)",0829035,1
210,7865,3619085,3533 3531 21ST                ST0000,"(37.7563552304911, -122.426359059254)",3619085,1
211,7904,3785137,0000 0168 BLUXOME             ST0000,"(37.774839394458, -122.399817161304)",3785137,1
212,8035,0847015,0000 0630 HAIGHT              ST0000,"(37.7720535904093, -122.433117982437)",0847015,1
213,8066,6524040,2993 2991 FOLSOM              ST0000,"(37.7495073013348, -122.413540439571)",6524040,1
214,8152,0710C062,0000 0001 WESTERN SHORE       LN0002,"(37.7842359166421, -122.428680459592)",0710C062,1
215,8176,3568035A,0192 0190 ALBION              ST0000,"(37.7634914849613, -122.422931738079)",3568035A,1
216,8180,0711C007,0000 0045 CLEARY              CT0007,"(37.7835963351412, -122.42679775829)",0711C007,1
217,8202,0711C032,0000 0085 CLEARY              CT0008,"(37.7835963351412, -122.42679775829)",0711C032,1
218,8216,0710C041,0000 1455 LAGUNA                0005,"(37.7842359166421, -122.428680459592)",0710C041,1
219,8255,6956003,4740 4738 MISSION             ST0000,"(37.7223805427875, -122.43691416586)",6956003,1
220,8289,0710C071,0000 0015 WESTERN SHORE         0005,"(37.7842359166421, -122.428680459592)",0710C071,1
221,8294,2831003,1226 1224 CASTRO              ST0000,"(37.7517031132817, -122.434426880166)",2831003,1
222,8378,5700001,0302 0300 NEVADA              ST0000,"(37.7380445302159, -122.411631989511)",5700001,1
223,8386,0710C084,0000 0035 WESTERN SHORE         0006,"(37.7842359166421, -122.428680459592)",0710C084,1
224,8413,0498012,0000 1432 LOMBARD             ST0000,"(37.801539498572, -122.4252873223)",0498012,1
225,8594,0710C112,0000 0085 WESTERN SHORE         0005,"(37.7842359166421, -122.428680459592)",0710C112,1
226,8596,5980002,0000 0204 GIRARD              ST0000,"(37.7295042800285, -122.405709539553)",5980002,1
227,8614,1018006,0422 0418 SPRUCE              ST0000,"(37.7869649981235, -122.453197935615)",1018006,1
228,8634,0710C082,0000 0035 WESTERN SHORE         0004,"(37.7842359166421, -122.428680459592)",0710C082,1
229,8675,0710C031,0000 1445 LAGUNA                0001,"(37.7842359166421, -122.428680459592)",0710C031,1
230,8727,3727199,0671 0677 SITUS TO BE ASSIGNEDST0000,"(37.7771139041253, -122.411882309242)",3727199,2
231,8751,3618001,0902 0900 GUERRERO            ST0000,"(37.7565809218821, -122.423615265008)",3618001,1
232,8844,0710C013,0000 1545 GEARY                 0001,"(37.7842359166421, -122.428680459592)",0710C013,1
233,8860,1211017,1960 1956 FELL                ST0000,"(37.7727544388276, -122.450153249695)",1211017,1
234,8877,1247003,0025 0021 BELVEDERE           ST0000,"(37.769221810336, -122.449882931338)",1247003,1
235,8883,3785156,0000 0168 BLUXOME             ST0000,"(37.774839394458, -122.399817161304)",3785156,1
236,8908,1427032,4457 4451 CALIFORNIA          ST0000,"(37.7846270159316, -122.465340091062)",1427032,1
237,8929,6742009,0000 0673 CHENERY             ST0000,"(37.7343257681017, -122.433354300093)",6742009,1
238,8979,3733034,0381 0379 CLEMENTINA          ST0000,"(37.7809743729532, -122.403281682444)",3733034,1
239,8980,4210026,1153 1151 YORK                ST0000,"(37.7536344794777, -122.407986022483)",4210026,1
240,9053,4280001,1402 1400 KANSAS              ST0000,"(37.7517566472682, -122.402477409904)",4280001,1
241,9132,5708016,0227 0225 BENNINGTON          ST0000,"(37.7380107666008, -122.417730520954)",5708016,1
242,9146,0711C049,0000 1250 ELLIS               ST0001,"(37.7835963351412, -122.42679775829)",0711C049,1
243,9169,0935009,3148 3146 BRODERICK           ST0000,"(37.7995084294274, -122.444179153052)",0935009,1
244,9201,1269022,0000 0905 ASHBURY             ST0000,"(37.7654862738511, -122.446325164952)",1269022,1
245,9231,0710C113,0000 0085 WESTERN SHORE         0006,"(37.7842359166421, -122.428680459592)",0710C113,1
246,9244,6579032,0000 3983 CESAR CHAVEZ        ST0000,"(37.7473455833575, -122.42878222191)",6579032,1
247,9370,0711C046,0000 1220 ELLIS               ST0010,"(37.7835963351412, -122.42679775829)",0711C046,1
248,9468,4148028,2619 2615 HARRISON            ST0000,"(37.7554604541559, -122.411849682319)",4148028,1
249,9514,0710C008,0000 0020 BERTIE MINOR          0002,"(37.7842359166421, -122.428680459592)",0710C008,1
250,9543,3564080A,0389 0385 NOE                 ST0000,"(37.7629227841891, -122.432778404538)",3564080A,1
251,9572,1252038,0000 0726 COLE                ST0000,"(37.767809095714, -122.450024202053)",1252038,1
252,9628,4150015,2872 2868 23RD                ST0000,"(37.7545952975644, -122.409737647933)",4150015,1
253,9685,4264007,1370 1368 UTAH                ST0000,"(37.7521671446987, -122.405554060801)",4264007,1
254,9714,0254018,0970 0966 PINE                ST0000,"(37.790935780197, -122.411857975768)",0254018,1
255,9786,2651005,0131 0129 ORD                 ST0000,"(37.7616424003637, -122.439774018777)",2651005,1
256,9790,0558043,2835 2833 FILLMORE            ST0000,"(37.7955201668009, -122.435346601994)",0558043,1
257,9805,0982016,3188 3184 WASHINGTON          ST0000,"(37.7903850391445, -122.445713757271)",0982016,1
258,9820,3785145,0000 0168 BLUXOME             ST0000,"(37.774839394458, -122.399817161304)",3785145,1
259,9835,2698034,4345 4341 19TH                ST0000,"(37.7589094910912, -122.437733611975)",2698034,1
260,9850,3542030,0779 0775 14TH                ST0000,"(37.7673717075932, -122.430558668159)",3542030,1
261,9909,0710C085,0000 0045 WESTERN SHORE         0001,"(37.7842359166421, -122.428680459592)",0710C085,1
262,9929,0077041,0000 0403 LOMBARD             ST0000,"(37.8032017707342, -122.408283403984)",0077041,1
263,9996,1090005,0000 0251 COLLINS             ST0000,"(37.7813299595001, -122.450250408184)",1090005,1
264,10001,4028001O,0668 0666 VERMONT             ST0000,"(37.7612136953657, -122.404481314957)",4028001O,1
265,10009,3727027,0665 0663 NATOMA              ST0000,"(37.7771859008373, -122.411216499081)",3727027,1
266,10090,1187003F,1836 1834 GROVE               ST0000,"(37.7750114058314, -122.447025845508)",1187003F,1
267,10101,1366021,4418 4414 CALIFORNIA          ST0000,"(37.7851887905825, -122.464946655247)",1366021,2
268,10165,0711C027,0000 0085 CLEARY              CT0003,"(37.7835963351412, -122.42679775829)",0711C027,1
269,10190,6521041,0000 0061 LUCKY               ST0000,"(37.7515447474103, -122.413301598847)",6521041,1
270,10199,4158055,1063 1061 KANSAS              ST0000,"(37.7562738612352, -122.402414266319)",4158055,1
271,10252,0710C060,0000 0045 LOTTIE BEN            0006,"(37.7842359166421, -122.428680459592)",0710C060,1
272,10255,0711C030,0000 0085 CLEARY              CT0006,"(37.7835963351412, -122.42679775829)",0711C030,1
273,10263,4272017,3006 3000 26TH                ST0000,"(37.7497095530228, -122.40996805568)",4272017,1
274,10290,0711C040,0000 1220 ELLIS               ST0004,"(37.7835963351412, -122.42679775829)",0711C040,1
275,10305,3785181,0000 0168 BLUXOME             ST0000,"(37.774839394458, -122.399817161304)",3785181,1
276,10367,0827027,0853 0849 FELL                ST0000,"(37.7745163345034, -122.431798752213)",0827027,1
277,10495,3606083,0849 0841 CHURCH              ST0000,"(37.7575471666558, -122.427800852861)",3606083,1
278,10532,1230003,0000 0521 CLAYTON             ST0000,"(37.7703952385386, -122.449006507449)",1230003,1
279,10557,0152034,1253 1249 VALLEJO             ST0000,"(37.7971575728178, -122.417794658268)",0152034,1
280,10566,0710C006,0000 0010 BERTIE MINOR          0006,"(37.7842359166421, -122.428680459592)",0710C006,1
281,10672,2804005,1142 1140 CASTRO              ST0000,"(37.7523115173355, -122.434463525133)",2804005,1
282,10801,0860011A,0436 0434 WALLER              ST0000,"(37.7712942392325, -122.430908708369)",0860011A,1
283,10923,0710C100,0000 0065 WESTERN SHORE         0005,"(37.7842359166421, -122.428680459592)",0710C100,1
284,10955,3579033,0000 3621 17TH                ST0000,"(37.7627680804633, -122.426800149047)",3579033,1
285,10956,0634002,2111 2109 STEINER             ST0000,"(37.7892435308999, -122.435805885555)",0634002,1
286,10967,1638018,0000 0508 CABRILLO            ST0000,"(37.7754995255298, -122.464170168181)",1638018,1
287,11051,3785184,0000 0168 BLUXOME             ST0000,"(37.774839394458, -122.399817161304)",3785184,1
288,11096,6532004,0322 0320 SAN JOSE            AV0000,"(37.7500117301483, -122.421645402893)",6532004,1
289,11136,6493016,0347 0345 HANOVER             ST0000,"(37.70863417729, -122.443489960395)",6493016,1
290,11138,3785171,0000 0168 BLUXOME             ST0000,"(37.774839394458, -122.399817161304)",3785171,1
291,11181,0710C087,0000 0045 WESTERN SHORE         0004,"(37.7842359166421, -122.428680459592)",0710C087,1
292,11249,1929A009C,0000 0730 MORAGA              ST0000,"(37.7566237187221, -122.470546438129)",1929A009C,1
293,11255,3642044,0870 0866 CAPP                ST0000,"(37.7527824014499, -122.417711890531)",3642044,1
294,11261,3593016B,2323 2319 FOLSOM              ST0000,"(37.7601191330272, -122.414541400455)",3593016B,1
295,11279,6665055,0000 0033 MIGUEL              ST0000,"(37.739320924239, -122.430075742682)",6665055,1
296,11291,3582025,0075 0071 HARTFORD            ST0000,"(37.7613768336364, -122.43361776087)",3582025,1
297,11297,1176017,1678 1674 FULTON              ST0000,"(37.7763043528265, -122.444387135167)",1176017,1
298,11340,4068019,0403 0401 ARKANSAS            ST0000,"(37.7610756005684, -122.398058366667)",4068019,1
299,11402,1267003,0815 0813 COLE                ST0000,"(37.7664391356867, -122.450331284144)",1267003,1
300,11404,4270004,1234 1232 ALABAMA             ST0000,"(37.7521225461376, -122.411212939446)",4270004,1
301,11472,0124033,2158 2152 LARKIN              ST0000,"(37.7978562050115, -122.420197131649)",0124033,1
302,11565,3785154,0000 0168 BLUXOME             ST0000,"(37.774839394458, -122.399817161304)",3785154,1
303,11589,0842010,0542 0540 PAGE                ST0000,"(37.7734406081782, -122.429729188797)",0842010,1
304,11690,3576077,0000 0084 SYCAMORE            ST0000,"(37.7627936900778, -122.42114790482)",3576077,1
305,11764,0711C009,0000 0045 CLEARY              CT0009,"(37.7835963351412, -122.42679775829)",0711C009,1
306,11788,1126006,1217 1215 DIVISADERO          ST0000,"(37.7808410529945, -122.439307433518)",1126006,1
307,11791,5721063,0356 0354 PARK                ST0000,"(37.7361582928164, -122.417911272307)",5721063,1
308,11792,1160016,2072 2070 MCALLISTER          ST0000,"(37.7770931645949, -122.446134021223)",1160016,1
309,11805,0186004A,1439A1435 HYDE                ST0000,"(37.7941188658132, -122.418340588592)",0186004A,1
310,11835,4152037,1023 1021 YORK                ST0000,"(37.7556744347675, -122.408181785467)",4152037,1
311,11848,1378018,5644 5642 CALIFORNIA          ST0000,"(37.7844279270174, -122.478330365394)",1378018,1
312,11864,0661015B,1816 1814 WEBSTER             ST0000,"(37.7878140457976, -122.431398630137)",0661015B,1
313,11906,6530003A,0430 0428 BARTLETT            ST0000,"(37.7500297712453, -122.419654975347)",6530003A,1
314,11909,2690031,0000 4615 18TH                ST0000,"(37.7602124893817, -122.441900267697)",2690031,1
315,11979,3785163,0000 0168 BLUXOME             ST0000,"(37.774839394458, -122.399817161304)",3785163,1
316,11996,5802027,0000 3967 MISSION             ST0000,"(37.7341754114021, -122.425493265476)",5802027,1
317,12273,0710C068,0000 0015 WESTERN SHORE         0002,"(37.7842359166421, -122.428680459592)",0710C068,1
318,12321,0710C049,0000 0035 LOTTIE BEN            0001,"(37.7842359166421, -122.428680459592)",0710C049,1
319,12385,0711C059,0000 1250 ELLIS               ST0011,"(37.7835963351412, -122.42679775829)",0711C059,1
320,12392,4158051,0000 1081 KANSAS              ST0000,"(37.7560000246274, -122.402387917197)",4158051,1
321,12415,0711C057,0000 1250 ELLIS               ST0009,"(37.7835963351412, -122.42679775829)",0711C057,1
322,12417,5642006,0098 0092 GODEUS              ST0000,"(37.7423800465328, -122.420822578584)",5642006,1
323,12505,3576049,0028 0026 LEXINGTON           ST0000,"(37.7622290225614, -122.42107009212)",3576049,1
324,12522,0711C047,0000 1220 ELLIS               ST0011,"(37.7835963351412, -122.42679775829)",0711C047,1
325,12527,1223012,0000 1548 PAGE                ST0000,"(37.7711768887004, -122.446918672031)",1223012,3
326,12616,0099023,0021 0017 MARION              PL0000,"(37.8000549426868, -122.415413344348)",0099023,1
327,12625,1523024,3040 3038 ANZA                ST0000,"(37.7785684684557, -122.481036104817)",1523024,1
328,12631,4267031,0000 2817 24TH                ST0000,"(37.7526321355134, -122.40858662927)",4267031,1
329,12692,0151005,1739 1737 JONES               ST0000,"(37.7973856383198, -122.415549473233)",0151005,1
330,12793,0710C022,0000 1555 GEARY                 0004,"(37.7842359166421, -122.428680459592)",0710C022,1
331,12864,0711C022,0000 0065 CLEARY              CT0010,"(37.7835963351412, -122.42679775829)",0711C022,1
332,12879,0711C019,0000 0065 CLEARY              CT0007,"(37.7835963351412, -122.42679775829)",0711C019,1
333,12900,6529015A,0457 0455 BARTLETT            ST0000,"(37.7497167583719, -122.419008853615)",6529015A,1
334,12912,4270020,2883 2881 HARRISON            ST0000,"(37.7514627383809, -122.41147085308)",4270020,1
335,12955,3785140,0000 0168 BLUXOME             ST0000,"(37.774839394458, -122.399817161304)",3785140,1
336,13017,1152025,0850 0848 BAKER               ST0000,"(37.7790117792541, -122.441659326659)",1152025,1
337,13076,0710C052,0000 0035 LOTTIE BEN            0004,"(37.7842359166421, -122.428680459592)",0710C052,1
338,13128,1252029,0000 7780 COLE                ST0000,"(37.7672018961611, -122.449901649912)",1252029,1
339,13150,0821016,0774 0772 FELL                ST0000,"(37.7752447700351, -122.430595614124)",0821016,1
340,13160,0710C111,0000 0085 WESTERN SHORE         0004,"(37.7842359166421, -122.428680459592)",0710C111,1
341,13239,3785158,0000 0168 BLUXOME             ST0000,"(37.774839394458, -122.399817161304)",3785158,1
342,13240,3785162,0000 0168 BLUXOME             ST0000,"(37.774839394458, -122.399817161304)",3785162,1
343,13318,7108031B,0099 0097 FARALLONES          ST0000,"(37.7138885107587, -122.455915929996)",7108031B,1
344,13343,3785153,0000 0168 BLUXOME             ST0000,"(37.774839394458, -122.399817161304)",3785153,1
345,13346,6522011,0000 2850 HARRISON            ST0000,"(37.7518063872287, -122.412158865781)",6522011,1
346,13438,0710C010,0000 0020 BERTIE MINOR          0004,"(37.7842359166421, -122.428680459592)",0710C010,1
347,13540,5812013,0000 0756 ELLSWORTH           ST0000,"(37.733867936231, -122.415204291815)",5812013,1
348,13547,0710C080,0000 0035 WESTERN SHORE         0002,"(37.7842359166421, -122.428680459592)",0710C080,1
349,13580,0711C001,0000 0045 CLEARY              CT0001,"(37.7835963351412, -122.42679775829)",0711C001,1
350,13778,3613034,0000 2957 21ST                ST0000,"(37.7571320678195, -122.413653679996)",3613034,1
351,13789,5816012,0000 0705 BANKS               ST0000,"(37.7345079747893, -122.412899032477)",5816012,1
352,13834,4073007,0754 0750 RHODE ISLAND        ST0000,"(37.7602310815894, -122.402447533755)",4073007,1
353,14018,1801021,4138 4136 JUDAH               ST0000,"(37.7605708765928, -122.50665950457)",1801021,1
354,14036,1204006,0000 0533 DIVISADERO          ST0000,"(37.774484619965, -122.438026494666)",1204006,1
355,14110,3785144,0000 0168 BLUXOME             ST0000,"(37.774839394458, -122.399817161304)",3785144,1
356,14187,0856015,0150 0148 LAGUNA              ST0000,"(37.7724039963848, -122.425170524148)",0856015,1
357,14194,0710C098,0000 0065 WESTERN SHORE         0003,"(37.7842359166421, -122.428680459592)",0710C098,1
358,14221,3730086,0027 0023 RAUSCH              ST0000,"(37.7769046482293, -122.409863979613)",3730086,1
359,14259,3585082,3825 3823 18TH                ST0000,"(37.7610092978885, -122.428947498601)",3585082,1
360,14288,3654007,3916 3914 24TH                ST0000,"(37.7517769020745, -122.430128215021)",3654007,1
361,14315,0103031,0136 0134 JASPER              PL0000,"(37.8010515285082, -122.40833121215)",0103031,1
362,14319,6309D028,0207 0205 PEABODY             ST0000,"(37.7093681319089, -122.407661536228)",6309D028,1
363,14344,0460A007,0000 1624 BAY                 ST0000,"(37.8033150235643, -122.433894790913)",0460A007,1
364,14368,1599040,0000 4441 BALBOA              ST0000,"(37.7751148432896, -122.50650390241)",1599040,1
365,14413,0710C058,0000 0045 LOTTIE BEN            0004,"(37.7842359166421, -122.428680459592)",0710C058,1
366,14436,0710C001,0000 0010 BERTIE MINOR          0001,"(37.7842359166421, -122.428680459592)",0710C001,1
367,14473,0710C036,0000 1445 LAGUNA                0006,"(37.7842359166421, -122.428680459592)",0710C036,1
368,14531,0675023,1979 1977 BUSH                ST0000,"(37.7872830369304, -122.429658418935)",0675023,1
369,14551,0710C015,0000 1545 GEARY                 0003,"(37.7842359166421, -122.428680459592)",0710C015,1
370,14571,4710047,0006 0002 DUKES               CT0000,"(37.7370231812833, -122.386356793879)",4710047,1
371,14573,1362049,0000 4055 CALIFORNIA          ST0000,"(37.7852237542567, -122.460829117641)",1362049,1
372,14590,0711C034,0000 0085 CLEARY              CT0010,"(37.7835963351412, -122.42679775829)",0711C034,1
373,14643,0710C074,0000 0025 WESTERN SHORE         0002,"(37.7842359166421, -122.428680459592)",0710C074,1
374,14699,0710C093,0000 0055 WESTERN SHORE         0004,"(37.7842359166421, -122.428680459592)",0710C093,1
375,14751,0530025,1859 1857 FILBERT             ST0000,"(37.7984608513224, -122.429966025262)",0530025,1
376,14752,0521017A,0000 2820 GOUGH               ST0000,"(37.7994476680892, -122.427220985472)",0521017A,1
377,14759,3596024,0275 0273 SAN CARLOS          ST0000,"(37.7590912553503, -122.419689326742)",3596024,1
378,14792,0710C014,0000 1545 GEARY                 0002,"(37.7842359166421, -122.428680459592)",0710C014,1
379,14840,0710C077,0000 0025 WESTERN SHORE         0005,"(37.7842359166421, -122.428680459592)",0710C077,1
380,14842,6571016,3358 3354 CESAR CHAVEZ        ST0000,"(37.748440331151, -122.417218171147)",6571016,1
381,14845,0710C106,0000 0075 WESTERN SHORE         0005,"(37.7842359166421, -122.428680459592)",0710C106,1
382,14880,3785138,0000 0168 BLUXOME             ST0000,"(37.774839394458, -122.399817161304)",3785138,1
383,14888,0711C016,0000 0065 CLEARY              CT0004,"(37.7835963351412, -122.42679775829)",0711C016,1
384,14949,0849029,0535 0531 PAGE                ST0000,"(37.7728934706719, -122.429521618166)",0849029,1
385,15008,0710C043,0000 1465 LAGUNA                0001,"(37.7842359166421, -122.428680459592)",0710C043,1
386,15018,5894002,0499 0497 SILVER              AV0000,"(37.7288715794999, -122.42611224177)",5894002,1
387,15032,4172028,1135 1133 TENNESSEE           ST0000,"(37.7572329376361, -122.388875593137)",4172028,1
388,15087,1080025,2457 2455 POST                ST0000,"(37.7837592732131, -122.442231549656)",1080025,1
389,15168,0052015,0000 0594 CHESTNUT            ST0000,"(37.8039635332267, -122.41309988866)",0052015,1
390,15203,1158015,1844 1840 MCALLISTER          ST0000,"(37.7775400300536, -122.442619132322)",1158015,1
391,15213,3785166,0000 0168 BLUXOME             ST0000,"(37.774839394458, -122.399817161304)",3785166,1
392,15276,1090018,0000 0160 BLAKE               ST0000,"(37.7811424987572, -122.450633566204)",1090018,1
393,15369,6549055,0000 1205 SANCHEZ             ST0000,"(37.7498019091648, -122.429199699283)",6549055,1
394,15394,0710C057,0000 0045 LOTTIE BEN            0003,"(37.7842359166421, -122.428680459592)",0710C057,1
395,15398,3785168,0000 0168 BLUXOME             ST0000,"(37.774839394458, -122.399817161304)",3785168,1
396,15403,7116001,0195 0193 BRIGHT              ST0000,"(37.7141493122776, -122.463732472492)",7116001,1
397,15406,1681006F,0000 6220 FULTON              ST0000,"(37.7721661387903, -122.498579329763)",1681006F,1
398,15421,0711C024,0000 0065 CLEARY              CT0012,"(37.7835963351412, -122.42679775829)",0711C024,1
399,15454,0710C042,0000 1455 LAGUNA                0006,"(37.7842359166421, -122.428680459592)",0710C042,1
400,15455,0710C002,0000 0010 BERTIE MINOR          0002,"(37.7842359166421, -122.428680459592)",0710C002,1
401,15485,0710C039,0000 1455 LAGUNA                0003,"(37.7842359166421, -122.428680459592)",0710C039,1
402,15513,0710C092,0000 0055 WESTERN SHORE         0003,"(37.7842359166421, -122.428680459592)",0710C092,1
403,15595,0710C089,0000 0045 WESTERN SHORE         0006,"(37.7842359166421, -122.428680459592)",0710C089,1
404,15618,5713028,3605 3601 MISSION             ST0000,"(37.7386294653089, -122.423679985546)",5713028,1
405,15626,1788036,3217 3215 IRVING              ST0000,"(37.7626720689468, -122.492475452389)",1788036,1
406,15723,1157010,0000 0736 BAKER               ST0000,"(37.777920491027, -122.441400156195)",1157010,1
407,15769,3596087,0000 0276 LEXINGTON           ST0000,"(37.7589587905736, -122.420755495244)",3596087,1
408,15794,3548062,1328 1326 NATOMA              ST0000,"(37.7678689003129, -122.418708443291)",3548062,1
409,15857,2656054,0167 0165 CORBETT             AV0000,"(37.7614979859089, -122.441937167492)",2656054,1
410,15907,3540036,0171 0169 CASTRO              ST0000,"(37.766250452509, -122.43524001956)",3540036,1
411,15943,1160018,2086 2080 MCALLISTER          ST0000,"(37.777015186384, -122.446337145361)",1160018,1
412,15953,0711C003,0000 0045 CLEARY              CT0003,"(37.7835963351412, -122.42679775829)",0711C003,1
413,15989,3612011,2914 2912 21ST                ST0000,"(37.7576294901726, -122.412772180811)",3612011,1
414,15991,0558017,0000 2368 VALLEJO             ST0000,"(37.795352346499, -122.436365981623)",0558017,1
415,16004,0710C019,0000 1555 GEARY BLVD            0001,"(37.7842359166421, -122.428680459592)",0710C019,1
416,16048,3785146,0000 0168 BLUXOME             ST0000,"(37.774839394458, -122.399817161304)",3785146,1
417,16092,4712008,0000 0050 HUDSON              AV0000,"(37.7339498994239, -122.381712377061)",4712008,5
418,16119,3614006,2548 2546 FOLSOM              ST0000,"(37.7565070152656, -122.414812113472)",3614006,1
419,16121,0829003,0531 0529 BUCHANAN            ST0000,"(37.7749125695831, -122.427857346653)",0829003,1
420,16149,3785183,0000 0168 BLUXOME             ST0000,"(37.774839394458, -122.399817161304)",3785183,1
421,16158,1891049,0000 4127 KIRKHAM             ST0000,"(37.7583367482976, -122.505243485586)",1891049,1
422,16172,3601015,0000 4020 20TH                ST0000,"(37.7581625849536, -122.430882124494)",3601015,1
423,16310,0984024,0114 0108 WALNUT              ST0000,"(37.7902845297212, -122.448867055723)",0984024,1
424,16410,3785180,0000 0168 BLUXOME             ST0000,"(37.774839394458, -122.399817161304)",3785180,1
425,16437,3583030,0145 0143 HARTFORD            ST0000,"(37.7603052582192, -122.433515525001)",3583030,1
426,16493,3785174,0000 0168 BLUXOME             ST0000,"(37.774839394458, -122.399817161304)",3785174,1
427,16576,0511024A,2376 2374 GREENWICH           ST0000,"(37.7988206178171, -122.43874594716)",0511024A,1
428,16589,1185032,1647 1645 FULTON              ST0000,"(37.7758472742685, -122.443855622494)",1185032,1
429,16616,1383018,0000 6104 CALIFORNIA          ST0000,"(37.7842129705753, -122.483163743307)",1383018,1
430,16654,6617026,1553 1551 DOLORES             ST0000,"(37.7445361835141, -122.424070588747)",6617026,1
431,16663,0091047,0865 0863 GREENWICH           ST0000,"(37.8015928656524, -122.413832521686)",0091047,1
432,16665,0076020,1922 1918 POWELL              ST0000,"(37.8024248341812, -122.410984796619)",0076020,1
433,16695,0179002,1153 1151 STOCKTON            ST0000,"(37.7964389167641, -122.408633141487)",0179002,1
434,16698,5615006,0076 0074 COLERIDGE           ST0000,"(37.7446297753196, -122.419377754912)",5615006,1
435,16773,0710C064,0000 0001 WESTERN SHORE         0004,"(37.7842359166421, -122.428680459592)",0710C064,1
436,16804,0875015,0371 0367 HERMANN             ST0000,"(37.7698839803865, -122.431118427083)",0875015,1
437,16817,0710C016,0000 1545 GEARY                 0004,"(37.7842359166421, -122.428680459592)",0710C016,1
438,16860,6664009,0208 0206 FAIRMOUNT           ST0000,"(37.7388696805091, -122.42767479303)",6664009,1
439,16888,3633027,3357 3355 22ND                ST0000,"(37.7549839137323, -122.422196960978)",3633027,1
440,16929,0804001A,0647 0645 WEBSTER             ST0000,"(37.7767535720632, -122.429903937169)",0804001A,1
441,16974,0101013,0000 0772 UNION               ST0000,"(37.8003704020257, -122.412043043131)",0101013,1
442,16991,0711C052,0000 1250 ELLIS               ST0004,"(37.7835963351412, -122.42679775829)",0711C052,1
443,17007,3578046,0024 0020 DORLAND             ST0000,"(37.7625159799728, -122.424449458452)",3578046,1
444,17107,3566043,0000 0455 CHURCH              ST0000,"(37.7635535518939, -122.428306446503)",3566043,1
445,17164,0710C011,0000 0020 BERTIE MINOR          0005,"(37.7842359166421, -122.428680459592)",0710C011,1
446,17175,0710C104,0000 0075 WESTERN SHORE         0003,"(37.7842359166421, -122.428680459592)",0710C104,1
447,17177,0710C108,0000 0085 WESTERN SHORE         0001,"(37.7842359166421, -122.428680459592)",0710C108,1
448,17236,0634015A,2008 2006 PIERCE              ST0000,"(37.7888017515722, -122.436982545442)",0634015A,2
449,17326,6531009,0000 1448 VALENCIA            ST0000,"(37.749666970523, -122.420725362366)",6531009,1
450,17335,3785169,0000 0168 BLUXOME             ST0000,"(37.774839394458, -122.399817161304)",3785169,1
451,17375,1255066,0054 0052 DELMAR              ST0000,"(37.7681971463042, -122.445512142884)",1255066,1
452,17437,3556004,0318 0314 GUERRERO            ST0000,"(37.766040715383, -122.424543329072)",3556004,1
453,17485,0777008,1116 1114 FULTON              ST0000,"(37.7774784723628, -122.435562191336)",0777008,1
454,17518,0710C096,0000 0065 WESTERN SHORE         0001,"(37.7842359166421, -122.428680459592)",0710C096,1
455,17520,4102064,0511 0509 TEXAS               ST0000,"(37.7599098197175, -122.394987841896)",4102064,1
456,17591,0711C028,0000 0085 CLEARY              CT0004,"(37.7835963351412, -122.42679775829)",0711C028,1
457,17654,0710C012,0000 0020 BERTIE MINOR          0006,"(37.7842359166421, -122.428680459592)",0710C012,1
458,17724,3544047,1964 1960 15TH                ST0000,"(37.7663816817812, -122.428050673845)",3544047,1
459,17734,0711C023,0000 0065 CLEARY              CT0011,"(37.7835963351412, -122.42679775829)",0711C023,1
460,17831,3576046,0014 0012 LEXINGTON           ST0000,"(37.7624344053813, -122.421089759751)",3576046,1
461,17852,1269139,2060 2040 DOWNEY              ST0000,"(37.7653265525573, -122.446617968178)",1269139,1
462,17880,0528002C,1620 1614 UNION               ST0000,"(37.7985064491607, -122.426080388263)",0528002C,1
463,17888,0216012,1470 1468 CLAY                ST0000,"(37.7930295990354, -122.417268797491)",0216012,1
464,17973,2175031,0000 3333 QUINTARA            ST0000,"(37.7472893492847, -122.50120265416)",2175031,1
465,18039,0710C053,0000 0035 LOTTIE BEN            0005,"(37.7842359166421, -122.428680459592)",0710C053,1
466,18091,4002020,0235 0231 MISSOURI            ST0000,"(37.7634076719961, -122.396292630443)",4002020,1
467,18097,0221019,0030 0026 PLEASANT            ST0000,"(37.7930429274068, -122.413297623526)",0221019,1
468,18133,3564086A,0000 0333 NOE                 ST0000,"(37.7636262015968, -122.432722815628)",3564086A,1
469,18161,6617031,0063 0061 VALLEY              ST0000,"(37.7444523289248, -122.423465221464)",6617031,1
470,18171,0633010,0000 2032 SCOTT               ST0000,"(37.7889722837186, -122.438649171973)",0633010,1
471,18289,3561017,3620 3618 16TH                ST0000,"(37.7644705493895, -122.433691420306)",3561017,1
472,18315,3533031,0079 0075 BROSNAN             ST0000,"(37.7685063155764, -122.42388283889)",3533031,1
473,18396,1481001O,0088 0086 SEAL ROCK           DR0000,"(37.7809459028045, -122.50781385441)",1481001O,1
474,18404,0710C040,0000 1455 LAGUNA                0004,"(37.7842359166421, -122.428680459592)",0710C040,1
475,18419,4004008,0258 0256 CONNECTICUT         ST0000,"(37.7630529515371, -122.397858098587)",4004008,1
476,18463,0710C048,0000 1465 LAGUNA                0006,"(37.7842359166421, -122.428680459592)",0710C048,1
477,18484,0711C005,0000 0045 CLEARY              CT0005,"(37.7835963351412, -122.42679775829)",0711C005,1
478,18512,1054018,0000 2626 SUTTER              ST0000,"(37.7849257049006, -122.444334874055)",1054018,1
479,18526,3785139,0000 0168 BLUXOME             ST0000,"(37.774839394458, -122.399817161304)",3785139,1
480,18541,1225025,4340 4320 COLE                ST0000,"(37.7710261982204, -122.450204607145)",1225025,1
481,18568,3731062,0063 0061 MOSS                ST0000,"(37.7777896403307, -122.40777855746)",3731062,1
482,18657,4100030,0000 0507 CONNECTICUT         ST0000,"(37.7596617739182, -122.39695126313)",4100030,1
483,18711,3577025,0575 0573 GUERRERO            ST0000,"(37.7620752348653, -122.423457267967)",3577025,1
484,18721,0501003,2547 2543 LARKIN              ST0000,"(37.8013958936152, -122.421486801515)",0501003,1
485,18733,0710C028,0000 1435 LAGUNA                0004,"(37.7842359166421, -122.428680459592)",0710C028,1
486,18735,3785152,0000 0168 BLUXOME             ST0000,"(37.774839394458, -122.399817161304)",3785152,1
487,18774,1230028,1765 1761 PAGE                ST0000,"(37.7703298076274, -122.449661241124)",1230028,1
488,18779,0710C102,0000 0075 WESTERN SHORE         0001,"(37.7842359166421, -122.428680459592)",0710C102,1
489,18791,7112017,0067 0065 BROAD               ST0000,"(37.7129161758217, -122.455177601602)",7112017,1
490,18821,1066036,0000 0656 SPRUCE              ST0000,"(37.7827124312279, -122.453053335723)",1066036,1
491,18832,6596003,3212 3208 MISSION             ST0000,"(37.7453968703101, -122.420355930598)",6596003,1
492,18914,0860046,0237 0235 LAUSSAT             ST0000,"(37.7714569514542, -122.430941493752)",0860046,1
493,18937,3589058,0165 0161 LEXINGTON           ST0000,"(37.7607885290232, -122.420512753426)",3589058,1
494,18954,0711C060,0000 1250 ELLIS               ST0012,"(37.7835963351412, -122.42679775829)",0711C060,1
495,19085,0542003,2821 2819 LAGUNA              ST0000,"(37.7971375190078, -122.430803570614)",0542003,1
496,19205,0149006,1533 1529 MASON               ST0000,"(37.7976368279686, -122.412186166839)",0149006,1
497,19241,6748005,4020 4018 MISSION             ST0000,"(37.733303277272, -122.427109814311)",6748005,1
498,19399,0710C035,0000 1445 LAGUNA                0005,"(37.7842359166421, -122.428680459592)",0710C035,1
499,19424,0651009,2070 2068 PINE                ST0000,"(37.7886417843291, -122.429984693741)",0651009,1
500,19435,0478004,2811 2809 POLK                ST0000,"(37.8026769257179, -122.423395267487)",0478004,1
501,19440,0479006,1346 1344 CHESTNUT            ST0000,"(37.8024560804374, -122.425611699369)",0479006,1
502,19456,6656041,1835 1833 CHURCH              ST0000,"(37.7412220940547, -122.426460047276)",6656041,1
503,19516,4208037,2873 2871 23RD                ST0000,"(37.7541286152891, -122.409878056585)",4208037,1
504,19535,3574089,3242 3236 18TH                ST0000,"(37.7622376090379, -122.415831055136)",3574089,1
505,19618,0775015,1386 1382 MCALLISTER          ST0000,"(37.7784849507342, -122.434758336179)",0775015,1
506,19663,0858022,0000 0371 HAIGHT              ST0000,"(37.7721767380149, -122.428259416732)",0858022,1
507,19723,0711C017,0000 0065 CLEARY              CT0005,"(37.7835963351412, -122.42679775829)",0711C017,1
508,19754,7146007A,0010 0008 REGENT              ST0000,"(37.7094633887483, -122.455834731855)",7146007A,1
509,19765,3600046,0252 0250 CUMBERLAND          ST0000,"(37.7590608196428, -122.429300234027)",3600046,1
510,19816,0847011,0616 0614 HAIGHT              ST0000,"(37.7720970586994, -122.432776362363)",0847011,1
511,19828,0753014,1675 1671 TURK                ST0000,"(37.779721306328, -122.436673172703)",0753014,1
512,19874,0711C013,0000 0065 CLEARY              CT0001,"(37.7835963351412, -122.42679775829)",0711C013,1
513,19910,0710C044,0000 1465 LAGUNA                0002,"(37.7842359166421, -122.428680459592)",0710C044,1
514,19933,0710C067,0000 0015 WESTERN SHORE         0001,"(37.7842359166421, -122.428680459592)",0710C067,1
515,19967,0711C031,0000 0085 CLEARY              CT0007,"(37.7835963351412, -122.42679775829)",0711C031,1
516,20035,1894044,0000 4407 KIRKHAM             ST0000,"(37.7582580524395, -122.508198843917)",1894044,1
517,20139,0710C090,0000 0055 WESTERN SHORE         0001,"(37.7842359166421, -122.428680459592)",0710C090,1
518,20210,3785155,0000 0168 BLUXOME             ST0000,"(37.774839394458, -122.399817161304)",3785155,1
519,20217,1201013,0000 1334 HAYES               ST0000,"(37.7751889314459, -122.438509296865)",1201013,1
520,20227,0129002A,1549 1547APOWELL              ST0000,"(37.7989313743062, -122.411067840317)",0129002A,1
521,20244,6246024,0539 0537 DELTA               ST0000,"(37.7132460229188, -122.409197874247)",6246024,1
522,20412,0276011,1028 1022 BUSH                ST0000,"(37.789702413584, -122.41423216212)",0276011,1
523,20467,0711C011,0000 0045 CLEARY              CT0011,"(37.7835963351412, -122.42679775829)",0711C011,1
524,20534,3589067,0125 0123 LEXINGTON           ST0000,"(37.7613428353395, -122.420565829796)",3589067,1
525,20538,1177021A,1598 1596 FULTON              ST0000,"(37.7764715158714, -122.443017550848)",1177021A,1
526,20618,0711C043,0000 1220 ELLIS               ST0007,"(37.7835963351412, -122.42679775829)",0711C043,1
527,20706,3564083,0373 0371 NOE                 ST0000,"(37.7631485905985, -122.432677003737)",3564083,1
528,20769,4260018,0000 1355 KANSAS              ST0000,"(37.752514666012, -122.402054042245)",4260018,1
529,20774,0956017C,0000 2887 GREEN               ST0000,"(37.7945021150493, -122.446471005406)",0956017C,1
530,20817,6076025,0481 0479 VIENNA              ST0000,"(37.7206878864931, -122.429896616196)",6076025,1
531,20830,0710C029,0000 1435 LAGUNA                0005,"(37.7842359166421, -122.428680459592)",0710C029,1
532,20927,4167004A,0000 0000                       0000,"(37.7561843875536, -122.395936295528)",4167004A,1
533,20934,0550012,1536 1534 VALLEJO             ST0000,"(37.7970774307709, -122.422632711416)",0550012,1
534,20965,1635032,0835 0833 BALBOA              ST0000,"(37.7768125183358, -122.467823986557)",1635032,1
535,21038,6576007,0028 0026 27TH                ST0000,"(37.7474265928983, -122.421907595054)",6576007,1
536,21067,3613028,0000 2521 FOLSOM              ST0000,"(37.7569235974866, -122.414143361449)",3613028,1
537,21089,3575029,0000 3378 18TH                ST0000,"(37.7620481511263, -122.418853453101)",3575029,1
538,21234,0913034,1839 1837 JEFFERSON           ST0000,"(37.8044877371184, -122.442716584436)",0913034,1
539,21261,0710C007,0000 0020 BERTIE MINOR          0001,"(37.7842359166421, -122.428680459592)",0710C007,1
540,21288,4084022,0000 2475 HARRISON            ST0000,"(37.757854098937, -122.412082244056)",4084022,1
541,21290,3576023,0021 0019 SYCAMORE            ST0000,"(37.7625544798771, -122.419899983693)",3576023,1
542,21296,1080027,2447 2443 POST                ST0000,"(37.783730288591, -122.442049833589)",1080027,1
543,21356,0598008,1760 1756 WASHINGTON          ST0000,"(37.7933675046344, -122.422239020849)",0598008,1
544,21416,3544015,1912 1908 15TH                ST0000,"(37.7664580319627, -122.426895693296)",3544015,1
545,21479,1267052,0451 0449 FREDERICK           ST0000,"(37.7662913108587, -122.451362405092)",1267052,1
546,21490,0710C047,0000 1465 LAGUNA                0005,"(37.7842359166421, -122.428680459592)",0710C047,1
547,21526,0077006,0052 0050 EDITH               ST0000,"(37.8028784645362, -122.408844583247)",0077006,1
548,21570,0710C004,0000 0010 BERTIE MINOR          0004,"(37.7842359166421, -122.428680459592)",0710C004,1
549,21596,4150036,2898 2882 23RD                ST0000,"(37.7545503280637, -122.410006030099)",4150036,1
550,21674,0711C015,0000 0065 CLEARY              CT0003,"(37.7835963351412, -122.42679775829)",0711C015,1
551,21823,3576042,0017 0015 LEXINGTON           ST0000,"(37.7623909183558, -122.420669821143)",3576042,1
552,21884,0710C038,0000 1455 LAGUNA                0002,"(37.7842359166421, -122.428680459592)",0710C038,1
553,21946,0710C059,0000 0045 LOTTIE BEN            0005,"(37.7842359166421, -122.428680459592)",0710C059,1
554,21954,0710C078,0000 0025 WESTERN SHORE         0006,"(37.7842359166421, -122.428680459592)",0710C078,1
555,21962,0806051,0537 0535 IVY                 ST0000,"(37.7767366370628, -122.426949256583)",0806051,1
556,22005,3727085,0000 0615 MINNA               ST0000,"(37.7783297425846, -122.410700377263)",3727085,1
557,22058,3557055A,0000 0110 LANDERS             ST0000,"(37.7658230505469, -122.427996076218)",3557055A,1
558,22119,0711C041,0000 1220 ELLIS               ST0005,"(37.7835963351412, -122.42679775829)",0711C041,1
559,22142,0711C042,0000 1220 ELLIS               ST0006,"(37.7835963351412, -122.42679775829)",0711C042,1
560,22152,0115013,0000 0422 GREEN               ST0000,"(37.8000156001251, -122.406336775112)",0115013,1
561,22155,0711C055,0000 1250 ELLIS               ST0007,"(37.7835963351412, -122.42679775829)",0711C055,1
562,22172,3641056,0959 0957 SHOTWELL            ST0000,"(37.753125511137, -122.414916725268)",3641056,1
563,22272,2658024,4680 4678 18TH                ST0000,"(37.7606006691351, -122.442973779692)",2658024,1
564,22298,1674007D,5540 5538 FULTON              ST0000,"(37.7724965632421, -122.491343721961)",1674007D,1
565,22309,0711C054,0000 1250 ELLIS               ST0006,"(37.7835963351412, -122.42679775829)",0711C054,1
566,22338,3785172,0000 0168 BLUXOME             ST0000,"(37.774839394458, -122.399817161304)",3785172,1
567,22400,0777002,0821 0817 PIERCE              ST0000,"(37.7778801502557, -122.435165997364)",0777002,1
568,22583,0711C004,0000 0045 CLEARY              CT0004,"(37.7835963351412, -122.42679775829)",0711C004,1
569,22601,0710C050,0000 0035 LOTTIE BEN            0002,"(37.7842359166421, -122.428680459592)",0710C050,1
570,22741,0710C023,0000 1555 GEARY                 0005,"(37.7842359166421, -122.428680459592)",0710C023,1
571,22777,3605061,3957 3955 20TH                ST0000,"(37.7577720910853, -122.429232859106)",3605061,1
572,22806,3985012,0000 1208 MARIPOSA            ST0000,"(37.7641160506438, -122.396054569659)",3985012,1
573,22843,0711C021,0000 0065 CLEARY              CT0009,"(37.7835963351412, -122.42679775829)",0711C021,1
574,22872,3650038,3779 3777 23RD                ST0000,"(37.7531241233557, -122.427038924284)",3650038,1
575,22880,0710C051,0000 0035 LOTTIE BEN            0003,"(37.7842359166421, -122.428680459592)",0710C051,1
576,22961,3576041,0025 0023 LEXINGTON           ST0000,"(37.7623224567834, -122.420663265086)",3576041,1
577,23147,0711C026,0000 0085 CLEARY              CT0002,"(37.7835963351412, -122.42679775829)",0711C026,1
578,23163,0710C037,0000 1455 LAGUNA                0001,"(37.7842359166421, -122.428680459592)",0710C037,1
579,23184,2748016C,0000 0085 CORWIN              ST0000,"(37.7570481027215, -122.440106402295)",2748016C,1
580,23192,0665032,0000 1719 PINE                ST0000,"(37.7889392433387, -122.424154814919)",0665032,2
581,23199,3729029,0769 0767 CLEMENTINA          ST0000,"(37.7744855460626, -122.411533983421)",3729029,1
582,23233,0947002,2857 2853 BRODERICK           ST0000,"(37.7967037564346, -122.44415954105)",0947002,2
583,23235,4786086,0000 1455 HAWES               ST0000,"(37.7269698909254, -122.38279266096)",4786086,1
584,23256,0710C033,0000 1445 LAGUNA                0003,"(37.7842359166421, -122.428680459592)",0710C033,1
585,23294,0710C024,0000 1555 GEARY                 0006,"(37.7842359166421, -122.428680459592)",0710C024,1
586,23356,2626017,0008A0006 SATURN              ST0000,"(37.762980110806, -122.440950722004)",2626017,1
587,23364,6722014,0132 0130 BOSWORTH            ST0000,"(37.7337183684609, -122.428301549609)",6722014,1
588,23400,1189001F,0033 0031 CLAYTON             ST0000,"(37.7748860083337, -122.449911343908)",1189001F,1
589,23414,3733161,0000 0320 CLEMENTINA          ST0000,"(37.782167548716, -122.402770566509)",3733161,4
590,23436,5746004,1080 0106 106A LEESE          ST0000,"(37.7356406210259, -122.423257961248)",5746004,1
591,23486,0711C056,0000 1250 ELLIS               ST0008,"(37.7835963351412, -122.42679775829)",0711C056,1
592,23517,0711C012,0000 0045 CLEARY              CT0012,"(37.7835963351412, -122.42679775829)",0711C012,1
593,23537,6663041,0119 0117 RANDALL             ST0000,"(37.7395981642612, -122.425990704418)",6663041,1
594,23539,3785143,0000 0168 BLUXOME             ST0000,"(37.774839394458, -122.399817161304)",3785143,1
595,23552,0710C079,0000 0035 WESTERN SHORE         0001,"(37.7842359166421, -122.428680459592)",0710C079,1
596,23730,0091021,0000 2004 TAYLOR              ST0000,"(37.8009869677122, -122.414111166199)",0091021,1
597,23777,6519007,0000 1022 SHOTWELL            ST0000,"(37.7516244132996, -122.415407486311)",6519007,1
598,23826,0089029,0621 0619 GREENWICH           ST0000,"(37.8020339556707, -122.409907147203)",0089029,1
599,23888,0711C010,0000 0045 CLEARY              CT0010,"(37.7835963351412, -122.42679775829)",0711C010,1
600,23898,2715039,0000 0131 CORWIN              ST0000,"(37.7574069766444, -122.440724162949)",2715039,1
601,23927,3588032,0000 0015 LAPIDGE             ST0000,"(37.761349161994, -122.422174426213)",3588032,1
602,23946,0711C025,0000 0085 CLEARY              CT0001,"(37.7835963351412, -122.42679775829)",0711C025,1
603,23992,3540021,2240 2238 15TH                ST0000,"(37.7660493500205, -122.434226859549)",3540021,1
604,24033,0711C037,0000 1220 ELLIS               ST0001,"(37.7835963351412, -122.42679775829)",0711C037,1
605,24116,0710C091,0000 0055 WESTERN SHORE         0002,"(37.7842359166421, -122.428680459592)",0710C091,1
606,24148,4147018,2872 2870 22ND                ST0000,"(37.7560757438602, -122.411866043058)",4147018,1
607,24163,0711C014,0000 0065 CLEARY              CT0002,"(37.7835963351412, -122.42679775829)",0711C014,1
608,24315,0821003,0000 0513 WEBSTER             ST0000,"(37.7756444934857, -122.42975155712)",0821003,1
609,24326,3785142,0000 0168 BLUXOME             ST0000,"(37.774839394458, -122.399817161304)",3785142,1
610,24360,3564086,0339 0335 NOE                 ST0000,"(37.7635577411695, -122.43271624891)",3564086,1
611,24400,3785141,0000 0168 BLUXOME             ST0000,"(37.774839394458, -122.399817161304)",3785141,1
612,24596,1623051,0000 2025 BALBOA              ST0000,"(37.7762246410744, -122.48069273279)",1623051,1
613,24652,3557018,0191 0187 LANDERS             ST0000,"(37.7648564316085, -122.427392989746)",3557018,1
614,24684,1216001B,4230 4210 SCOTT               ST0000,"(37.7736716573755, -122.436137177549)",1216001B,1
615,24685,0104024,0000 1500 GRANT               AV0000,"(37.8007922263386, -122.407498414919)",0104024,1
616,24695,0797017A,0880 0876 GROVE               ST0000,"(37.7770985686143, -122.431041529551)",0797017A,1
